city,lat,lon
אילות,29.557669,34.951925
אילת,29.557669,34.951925
באר אורה,29.710166,34.987218
אליפז,29.796248,35.012094
סמר,29.833968,35.022204
יטבתה,29.896322,35.059227
שחרות,29.904093,34.999173
גרופית,29.941617,35.064691
מחנה יוכבד,29.952075,34.934344
קטורה,29.970887,35.061355
לוטן,29.988263,35.086776
נאות סמדר,30.049079,35.028106
יהל,30.084234,35.128393
פארן,30.362646,35.155149
צוקים,30.491551,35.165443
צופר,30.559394,35.181474
מצפה רמון,30.610203,34.801898
עין יהב,30.658757,35.239656
חצבה,30.767942,35.278498
מחנה טלי,30.7820644,34.6667495
עידן,30.806291,35.299946
מדרשת בן גוריון,30.852297,34.7834
שדה בוקר,30.873611,34.793098
ניצנה קהילת חינוך,30.885983,34.4225689
מרחב עם,30.888022,34.828175
ניצני סיני,30.903428,34.396679
כמהין,30.910327,34.430725
נאות הכיכר,30.933368,35.378126
עין תמר,30.943594,35.37407
אשלים,30.964245,34.699674
ירוחם,30.987804,34.929741
טללים,30.991511,34.771261
משאבי שדה,31.004042,34.785029
ביר הדאג,31.02316,34.709138
רביבים,31.045195,34.721086
רתמים,31.05401,34.690902
דימונה,31.069419,35.033363
אבו קורינאת שבט,31.103115,34.952003
אבו קרינאת יישוב,31.103115,34.952003
אבו תלול,31.142612,34.913514
בני נצרים,31.143513,34.316403
נווה זוהר,31.152068,35.364771
ערערהבנגב,31.160927,35.019757
נווה,31.162183,34.329827
שלומית,31.1673893,34.3033322
אבו גווייעד שבט,31.180663,35.072843
יבול,31.189458,34.318952
אבשלום,31.195397,34.3312
שגבשלום,31.198361,34.839665
תלמי יוסף,31.199958,34.363751
צאלים,31.203909,34.533359
יתד,31.207042,34.326126
גבולות,31.211168,34.466199
שדי אברהם,31.211594,34.335692
נבטים,31.219761,34.882488
פרי גן,31.222015,34.355936
כרם שלום,31.228281,34.284559
תלמי אליהו,31.229611,34.429114
שדה ניצן,31.230035,34.418363
ניר יצחק,31.23604,34.356702
צוחר,31.23717,34.426444
סופה,31.238309,34.341987
אוהד,31.238436,34.431893
חצרים,31.240603,34.717427
מבטחים,31.242423,34.407488
תל שבע,31.247569,34.861193
ישע,31.247595,34.403091
עמיעוז,31.248463,34.413404
כסיפה,31.249246,35.083681
באר שבע,31.252973,34.791462
סעוה,31.261071,34.975564
ערד,31.261447,35.214862
אטרש שבט,31.264161,34.948716
עומר,31.264305,34.849864
אום בטין,31.2767437,34.8829215
עין הבשור,31.280895,34.443446
אל סייד,31.281719,34.916298
סייד שבט,31.281719,34.916298
כחלה,31.287112,35.048572
גנאביב שבט,31.287156,35.108132
מכחול,31.288515,35.075736
קודייראת אצאנעשבט,31.293107,35.10564
מגן,31.298108,34.427059
חורה,31.300399,34.935688
אבו עבדון שבט,31.301397,34.841655
עטאוונה שבט,31.301882,34.926949
דריגאת,31.301885,35.076793
אורים,31.304094,34.524868
ניר עוז,31.309697,34.402075
אופקים,31.311337,34.622824
מסלול,31.323677,34.590761
תפרח,31.324471,34.679236
לקיה,31.324884,34.866219
פטיש,31.3259948,34.563565
פדויים,31.326275,34.612069
גילת,31.326321,34.648934
אשל הנשיא,31.326828,34.697497
מיתר,31.327011,34.943213
כרמים,31.333464,34.917879
בטחה,31.333869,34.634318
נירים,31.33573,34.394087
רנן,31.33871,34.600358
הר עמשא,31.342717,35.101599
תראבין אצאנע שבט,31.345481,34.739126
תראבין אצאנעישוב,31.345481,34.739126
עין השלושה,31.351722,34.403471
גבעות בר,31.357209,34.755541
סנסנה,31.361765,34.901003
משמר הנגב,31.364796,34.717968
מצדות יהודה,31.365586,35.11134
תאשור,31.371709,34.643547
להבים,31.373835,34.816952
כיסופים,31.374545,34.398992
טנא,31.376132,34.957383
תדהר,31.378858,34.630364
להב,31.379363,34.871311
רעים,31.386159,34.458823
שמעה,31.387342,35.012699
מלילות,31.389897,34.595243
סוסיה,31.391051,35.110978
אשכולות,31.391171,34.904856
רהט,31.394548,34.753934
שיבולים,31.396398,34.608144
גבעולים,31.397604,34.593821
מעגלים,31.398859,34.598239
דבירה,31.411699,34.825177
שובל,31.413734,34.745814
מעון,31.414592,35.163893
שוקדה,31.422098,34.524383
בית הגדי,31.422839,34.607878
נתיבות,31.423196,34.595254
בארי,31.424513,34.492567
כפר מימון,31.431401,34.53718
שומריה,31.432154,34.884095
תושיה,31.432895,34.541314
פעמי תשז,31.437967,34.692875
תלמי בילו,31.438055,34.644823
עתניאל,31.438812,35.028163
יושיביה,31.444699,34.608784
אשבול,31.445516,34.666654
בית קמה,31.446566,34.762248
זמרת,31.447853,34.552288
תקומה,31.448536,34.578085
שדה צבי,31.448747,34.713234
מבועים,31.44945,34.654994
קלחים,31.449795,34.679092
שובה,31.44995,34.545496
עין גדי,31.451191,35.383571
עלומים,31.453049,34.514711
זרועה,31.459133,34.624161
ניר עקיבא,31.469933,34.646166
סעד,31.470185,34.534356
נחל עוז,31.47268,34.497675
ניר משה,31.477456,34.630085
נטע,31.477893,34.927774
יכיני,31.482205,34.598634
כפר עזה,31.483416,34.532291
פני חבר,31.487074,35.1651
נגוהות,31.493077,34.983347
רוחמה,31.497378,34.705165
מפלסים,31.502206,34.561674
גבים,31.506273,34.598949
דורות,31.507207,34.645725
ספיר,31.5090643,34.5944391
שקף,31.51489,34.937318
בני דקלים,31.517188,34.917033
ניר עם,31.518459,34.580544
שדרות,31.522694,34.595581
קרית ארבע,31.529326,35.115625
אליאב,31.530203,34.928414
אמציה,31.531176,34.914463
חברון,31.532569,35.099826
איבים,31.533597,34.609697
כרמי קטיף,31.537825,34.911993
אדורה,31.552219,35.017634
אחוזם,31.552682,34.770151
אור הנר,31.556197,34.602305
ברור חיל,31.556985,34.646547
ארז,31.55984,34.564889
לכיש,31.560907,34.84409
תלם,31.563051,35.03124
תלמים,31.563416,34.671998
נועם,31.568567,34.788161
מצפה שלם,31.568875,35.400367
איתן,31.572213,34.747909
נתיב העשרה,31.572407,34.539322
אבן שמואל,31.576429,34.762963
שדה דוד,31.577476,34.683443
חלץ,31.57794,34.658391
אספר,31.586152,35.187594
גברעם,31.591461,34.612156
עוזה,31.593042,34.764524
זוהר,31.595592,34.692362
מעלה עמוס,31.596887,35.229365
כרמיה,31.602695,34.540413
זיקים,31.607204,34.520968
ניר חן,31.608906,34.714282
כרמי צור,31.609468,35.101273
שדה משה,31.610982,34.800427
קרית גת,31.611148,34.768459
בית גוברין,31.61288,34.895568
תלמי יפה,31.616857,34.612482
נהורה,31.621321,34.704496
מבקיעים,31.622518,34.577431
גת קיבוץ,31.627796,34.794112
גיאה,31.628467,34.602678
נחושה,31.628848,34.952732
כוכב מיכאל,31.631482,34.667794
גלאון,31.633371,34.848898
עוצם,31.637665,34.705108
בית שקמה,31.637735,34.610074
מגדל עוז,31.640932,35.143139
נוקדים,31.645331,35.244064
שדה יואב,31.645723,34.676849
בית ניר,31.647627,34.873107
בת הדר,31.648125,34.597146
כפר עציון,31.649486,35.115234
אלומה,31.652041,34.742872
תקוע,31.652785,35.227517
יד נתן,31.652961,34.704874
אפרת,31.653589,35.149934
אלון שבות,31.654871,35.125256
מנוחה,31.656159,34.777273
משען,31.656885,34.621607
בת עין,31.657653,35.101101
זבדיאל,31.6592451,34.7602609
צפרירים,31.659618,34.944326
אלעזר,31.659676,35.143074
אדרת,31.659715,34.99444
נחלה,31.66,34.792817
נגבה,31.662547,34.679561
קוממיות,31.662583,34.7293
ורדון,31.663823,34.781766
ראש צורים,31.667791,35.125288
ברכיה,31.668047,34.624296
אשקלון,31.6687885,34.5742523
סגולה,31.669546,34.778426
ניר בנים,31.671177,34.755012
גבעת ישעיהו,31.67168,34.943738
נווה מיכאל,31.673049,35.00671
כפר סילבר,31.675669,34.612311
נווה דניאל,31.67632,35.143293
הודיה,31.676356,34.639275
שריגים ליאון,31.678567,34.93509
זרחיה,31.681742,34.746419
אביעזר,31.681996,35.018821
נתיב הלה,31.687184,34.982523
לוזית,31.688209,34.888222
ניר ישראל,31.692156,34.638071
עין צורים,31.694936,34.718683
מרכז שפירא,31.696927,34.707319
שפיר,31.697557,34.728181
באר גנים,31.7003539,34.610934
ביתר עילית,31.7010023,35.1119254
משואות יצחק,31.70261,34.689968
זכריה,31.708812,34.944708
אביגדור,31.711901,34.740369
תימורים,31.716336,34.761356
מטע,31.716522,35.060571
ניצנים,31.717845,34.634636
כפר ורבורג,31.718747,34.72868
צור הדסה,31.719374,35.096958
שדות מיכה,31.721354,34.920683
הר גילה,31.722058,35.171491
מבוא ביתר,31.722592,35.106656
בר גיורא,31.729683,35.073414
קרית מלאכי,31.730202,34.746996
כפר מנחם,31.732077,34.835079
ערוגות,31.732798,34.77624
זנוח,31.733813,34.999369
עזר,31.736151,34.671447
בית עזרא,31.736402,34.657514
ניצן ב,31.737089,34.638235
באר טוביה,31.737127,34.72557
רמת רחל,31.7403163,35.2178825
אורות,31.740364,34.7356
ינון,31.741832,34.780947
אחווה,31.742893,34.767848
אמונים,31.743885,34.674492
נס הרים,31.744192,35.059406
כפר אחים,31.745864,34.755932
כפר הריף,31.747029,34.790928
בית שמש,31.747041,34.988099
מחסיה,31.748858,35.00726
קליה,31.749896,35.466131
תירוש,31.750347,34.885915
עזריקם,31.751695,34.694818
עמינדב,31.751705,35.142428
אורה,31.752109,35.150165
ישעי,31.752969,34.962586
תלמי יחיאל,31.753621,34.764308
קדר,31.754384,35.310732
שדה עוזיהו,31.758437,34.678194
אבן ספיר,31.7625,35.134991
צרעה,31.762653,34.966931
נחם,31.7664783,35.0035723
ירושלים,31.768319,35.21371
בני ראם,31.769972,34.790463
חצוראשדוד,31.772744,34.719366
רמת רזיאל,31.773573,35.074447
שתולים,31.773687,34.684409
רבדים,31.773966,34.814807
כסלון,31.774262,35.048171
מעלה אדומים,31.777369,35.297955
אשתאול,31.780385,35.010102
גן יבנה,31.783056,34.703101
בית זית,31.783058,35.161117
תרום,31.783306,34.980238
צובה,31.784352,35.117952
גבעת יערים,31.786089,35.09277
גני טל,31.788573,34.791392
חפץ חיים,31.789319,34.799739
אלמוג,31.790034,35.461968
בני עיש,31.790235,34.759291
עין ראפה,31.790605,35.116514
בית חלקיה,31.793001,34.809698
כפר אוריה,31.793399,34.944757
מוצא עילית,31.793591,35.157
עין נקובא,31.79391,35.119683
בית מאיר,31.794786,35.036753
ביצרון,31.7949517,34.7293463
יד בנימין,31.796685,34.82037
שורש,31.797488,35.065297
שואבה,31.799369,35.079003
תעוז,31.801288,34.971972
מסילת ציון,31.801449,35.009463
קרית יערים,31.802774,35.099945
מבשרת ציון,31.804052,35.157891
גן הדרום,31.804056,34.69987
אשדוד,31.804381,34.655314
בית נקופה,31.804392,35.126876
טל שחר,31.804404,34.903272
גיזו,31.805585,34.939653
צלפון,31.805599,34.931797
אבו גוש,31.806293,35.109193
נווה מבטח,31.806767,34.741231
נווה אילן,31.807585,35.080922
בית הערבה,31.807762,35.476411
יד השמונה,31.80955,35.089617
קרית ענבים,31.809913,35.120842
גדרה,31.8123014,34.7770192
קבוצת יבנה,31.813987,34.719103
קדרון,31.814142,34.795548
מצפה יריחו,31.815688,35.395409
יסודות,31.815835,34.865636
מישר,31.815936,34.752588
נווה שלום,31.817427,34.978335
מעלה החמישה,31.817429,35.109406
משגב דב,31.819054,34.739162
כרם יבנה ישיבה,31.8199341,34.7226127
בני דרום,31.82087,34.691609
נצר חזני,31.8214,34.862554
משמר דוד,31.823558,34.900676
הר אדר,31.824501,35.12966
עשרת,31.824913,34.747459
ניר גלים,31.82552,34.68254
ורד יריחו,31.826192,35.432139
כפר אדומים,31.827216,35.337189
בקוע,31.827899,34.924732
כפר אביב,31.831039,34.722577
נטף,31.831276,35.06958
כפר מרדכי,31.831504,34.756643
נחשון,31.831616,34.955986
עלמון,31.832068,35.296764
חולדה,31.83215,34.881523
שדמה,31.833778,34.74009
בניה,31.843444,34.751793
בית אלעזרי,31.844717,34.806627
כרמי יוסף,31.848024,34.921347
גבעון החדשה,31.848896,35.159029
מבוא חורון,31.849598,35.034977
גבע בנימין,31.849999,35.273853
מזכרת בתיה,31.853167,34.842421
בית גמליאל,31.856128,34.760947
בן זכאי,31.857223,34.727432
פדיה,31.857768,34.883774
גני יוחנן,31.859924,34.840827
גבעת זאב,31.861189,35.167252
כפר בן נון,31.861679,34.947191
קרית עקרון,31.862547,34.8219576
יציץ,31.863226,34.861903
גבעת ברנר,31.86661,34.802254
פתחיה,31.866957,34.88687
בית עוזיאל,31.87005,34.904858
שעלבים,31.870235,34.984304
כפר בילו,31.870475,34.826734
נוף איילון,31.871215,34.991321
משמר איילון,31.872478,34.943253
רמות מאיר,31.874444,34.855208
גזר,31.876349,34.92111
יבנה,31.877958,34.739449
גני הדר,31.8782413,34.857588
גן שלמה,31.878777,34.798901
מעלה מכמש,31.879131,35.305902
בית חורון,31.87989,35.124097
כוכב יעקב,31.880152,35.242773
נען,31.883208,34.859237
גאליה,31.885644,34.765351
כפר הנגיד,31.887134,34.748725
כפר שמואל,31.888259,34.934819
גיבתון,31.888318,34.79906
סתריה,31.889854,34.842094
מודיעיןמכביםרעות,31.890267,35.010397
בית חשמונאי,31.890298,34.917599
עזריה,31.890495,34.911872
רחובות,31.892773,34.811272
יד רמבם,31.899841,34.900086
פסגות,31.899984,35.223923
מצליח,31.906364,34.871278
נעמה,31.907541,35.467713
כפר רות,31.910378,35.035309
ישרש,31.915667,34.847337
עיינות,31.9158,34.768097
כפר האורנים,31.919928,35.036911
שילת,31.921173,35.014572
בית עובד,31.921287,34.774905
נצר סרני,31.922789,34.821191
דולב,31.926249,35.133591
גמזו,31.927217,34.941128
אירוס,31.9285746,34.7766539
מתתיהו,31.929747,35.034997
גני מודיעין,31.9297927,35.0176666
רמלה,31.931566,34.872938
אחיסמך,31.931906,34.908576
נס ציונה,31.932111,34.801327
מודיעין עילית,31.932477,35.042265
חשמונאים,31.932631,35.023269
פלמחים,31.932705,34.706874
כפר דניאל,31.933521,34.932306
מבוא מודיעים,31.933851,34.987999
בית חנן,31.935211,34.775596
רימונים,31.935382,35.340494
טלמון,31.939475,35.133131
בית אל,31.9416,35.222734
באר יעקב,31.943507,34.83904
גן שורק,31.944011,34.758322
נטעים,31.945689,34.775145
ייטב,31.947215,35.422375
לוד,31.951014,34.888075
ניר צבי,31.954403,34.861529
עופרה,31.955101,35.260324
בן שמן כפר נוער,31.959019,34.927831
בן שמן מושב,31.959019,34.927831
כוכב השחר,31.960264,35.349421
נעלה,31.962594,35.065976
גינתון,31.962801,34.913062
נילי,31.963415,35.04727
חדיד,31.969429,34.932156
ראשון לציון,31.9730015,34.7925013
נחליאל,31.973542,35.140431
זיתן,31.975178,34.891732
בית נחמיה,31.977142,34.953835
כפר טרומן,31.980493,34.927696
אחיעזר,31.981671,34.871821
יגל,31.987792,34.880262
נתיב הגדוד,31.989412,35.443281
כפר חבד,31.990144,34.849103
בית עריף,31.995352,34.935103
שוהם,31.9957581,34.9488403
גלגל,32.000016,35.444643
עטרת,32.001207,35.176982
בית דגן,32.0017816,34.8297087
צפריה,32.004315,34.854664
נוה צוף,32.008313,35.128876
משמר השבעה,32.010891,34.822337
בת ים,32.013186,34.748019
טירת יהודה,32.014833,34.935878
חולון,32.015833,34.787384
חמד,32.017992,34.841265
גנות,32.018204,34.825877
ברקת,32.018344,34.943179
תומר,32.018587,35.4398
בני עטרות,32.02147,34.910146
אזור,32.0245041,34.8058575
אור יהודה,32.029748,34.856173
מקווה ישראל,32.0312042,34.783329
יהודמונוסון,32.0315718,34.8925712
גבעת כח,32.032091,34.938796
בית אריה,32.040059,35.049472
בארות יצחק,32.042025,34.910221
פצאל,32.043492,35.443753
נופך,32.043748,34.920306
מגשימים,32.044363,34.899834
רינתיה,32.044365,34.928477
סביון,32.045589,34.876578
אלעד,32.04953,34.95075
מזור,32.050698,34.931373
שילה,32.054405,35.29909
מעלה לבונה,32.054436,35.239503
קרית אונו,32.054863,34.858858
נחלים,32.058597,34.9136
גני תקווה,32.060497,34.873121
פדואל,32.062479,35.052619
יפית,32.062687,35.474317
נחשונים,32.063236,34.947011
מעש,32.063511,34.892639
גת רימון,32.068105,34.881362
רמת גן,32.068424,34.824785
עלי,32.071177,35.266859
מעלה אפרים,32.071304,35.4039
שרונה,32.0717666,34.7848085
גבעתיים,32.072176,34.808871
עלי זהב,32.072227,35.064135
כפר סירקין,32.076684,34.922763
גבעת שמואל,32.077299,34.849206
בית צבי,32.0784145,34.8217109
עינת,32.081948,34.937514
ברוכין,32.082231,35.094113
פתח תקווה,32.084041,34.887762
בני ברק,32.084932,34.835226
תל אביב יפו,32.0852999,34.7817676
מגדלים,32.089866,35.342633
ראש העין,32.095838,34.952177
גבעת השלושה,32.09634,34.920628
גיתית,32.100273,35.395443
רחלים,32.10246,35.257756
אריאל,32.104637,35.174514
ברקן,32.109487,35.106008
אלקנה,32.110566,35.032054
משואה,32.111805,35.490255
כפר קאסם,32.114093,34.972767
קרית נטפים,32.117299,35.112115
כפר תפוח,32.117973,35.249829
רבבה,32.11871,35.129583
עץ אפרים,32.119403,35.046367
שערי תקווה,32.120679,35.026998
כפר ברא,32.130911,34.970108
אורנית,32.131924,34.99081
נווה ירק,32.132729,34.925488
רמת השרון,32.137793,34.840278
חורשים,32.137875,34.97102
חגור,32.138591,34.947614
עדנים,32.138798,34.909148
ירקונה,32.144524,34.897882
נירית,32.146206,34.984822
יקיר,32.149831,35.114631
גני עם,32.149838,34.903358
הוד השרון,32.149961,34.8838788
ירחיב,32.151536,34.967992
גלגוליה,32.1524568,34.9539749
אלישמע,32.154778,34.930461
נופים,32.155458,35.09984
שדי חמד,32.158488,34.9428062
גליל ים,32.158797,34.831876
מתן,32.159377,34.97319
עמנואל,32.160688,35.136036
הרצליה,32.162413,34.844675
מכורה,32.164159,35.423623
רמות השבים,32.16509,34.881543
מעלה שומרון,32.165406,35.069744
כפר מלל,32.167567,34.894744
גבעת חן,32.16758,34.875514
יצהר,32.168529,35.235944
אלפי מנשה,32.170631,35.014858
קרני שומרון,32.171553,35.097462
נווה ימין,32.171692,34.939378
ארגמן,32.17334,35.522285
איתמר,32.173869,35.308029
כפר סבא,32.178195,34.90761
רעננה,32.184781,34.871326
כפר שמריהו,32.187123,34.823124
צופית,32.19488,34.920085
גן חיים,32.195761,34.906957
צופים,32.197318,35.008912
ניר אליהו,32.197593,34.949375
חמרה,32.199688,35.43735
רשפון,32.201856,34.824723
שדה ורבורג,32.208691,34.90325
קדומים,32.21239,35.157388
ארסוף,32.212841,34.815977
בצרה,32.214541,34.878123
שפיים,32.216586,34.822409
רמת הכובש,32.218313,34.93829
בני ציון,32.219839,34.868378
כוכב יאיר,32.220922,34.992405
משמרת,32.227586,34.922055
חרוצים,32.22771,34.864772
געש,32.228477,34.824411
אלון מורה,32.234418,35.331201
טירה,32.235466,34.950506
צור נתן,32.239673,35.01402
צור יצחק,32.241478,34.997998
בקעות,32.24207,35.452636
סלעית,32.242589,35.051258
רועי,32.24751,35.48948
כפר הס,32.247721,34.935137
יקום,32.249196,34.841903
חמדת,32.252028,35.526843
תל יצחק,32.252745,34.872378
תל מונד,32.256608,34.91846
בני דרור,32.261795,34.901791
בית יהושע,32.262075,34.865418
עזריאל,32.262841,34.971133
שבי שומרון,32.26372,35.183444
עין ורד,32.264467,34.930705
אודים,32.266865,34.846995
טייבה,32.266892,35.009675
יעף,32.268254,34.967425
אבן יהודה,32.2700426,34.8809634
כפר נטר,32.271928,34.871979
כפר יעבץ,32.273945,34.965463
עין שריד,32.274901,34.93418
פורת,32.277081,34.948816
קדימהצורן,32.277644,34.919297
ענב,32.283594,35.125198
אבני חפץ,32.284628,35.074551
קלנסווה,32.285791,34.981487
שער אפרים,32.290662,34.999448
גאולים,32.296487,34.943862
צור משה,32.298911,34.913117
פרדסיה,32.305011,34.911731
תנובות,32.305863,34.962586
ניצני עוז,32.306084,35.003278
ינוב,32.307431,34.951384
נורדיה,32.314656,34.896792
כפר יונה,32.317719,34.933615
משכיות,32.317865,35.502754
בארותיים,32.321039,34.98343
נתניה,32.321458,34.853196
גנות הדר,32.32174,34.900715
יד חנה,32.325311,35.006692
בורגתה,32.325972,34.963848
עולש,32.331969,34.985321
חניאל,32.332803,34.947693
בת חפר,32.333714,35.013729
בית יצחקשער חפר,32.33558,34.8895
כפר ידידיה,32.344902,34.899038
כפר מונש,32.345607,34.916426
שדמות מחולה,32.347731,35.530587
גן יאשיה,32.349487,34.996245
הדר עם,32.349653,34.898945
אביחיל,32.350708,34.871229
בית הלוי,32.351596,34.930443
בחן,32.351831,35.018542
כפר חיים,32.353857,34.900709
שושנת העמקים,32.354794,34.856814
משמר השרון,32.356305,34.904256
גבעת שפירא,32.35763,34.875845
צוקי ים,32.360122,34.858542
בת חן,32.360194,34.872388
חבצלת השרון,32.3604,34.861819
העוגן,32.360437,34.923338
מעברות,32.364197,34.905733
ביתן אהרן,32.364928,34.86956
נעורים,32.3651875,34.8590625
מחולה,32.365285,35.51602
זמר,32.365684,35.034651
אומץ,32.369216,34.993129
בית חירות,32.376223,34.873765
המעפיל,32.378035,34.983146
אלישיב,32.380196,34.909945
כפר ויתקין,32.380541,34.875308
בית ינאי,32.381729,34.863507
עין החורש,32.385871,34.939994
חופית,32.386082,34.874078
אחיטוב,32.387701,34.990826
חגלה,32.38907,34.924252
כפר הראה,32.391037,34.910917
גאולי תימן,32.391837,34.900989
גבעת חיים מאוחד,32.392148,34.929447
להבות חביבה,32.395216,35.01179
גבעת חיים איחוד,32.396745,34.932978
חיבת ציון,32.397995,34.911931
חרב לאת,32.403526,34.917146
שדה יצחק,32.404959,34.992168
מכמורת,32.406504,34.871551
אליכין,32.407659,34.925028
מבוא דותן,32.420772,35.173869
טירת צבי,32.422486,35.52832
באקה אלגרביה,32.422891,35.035764
חרמש,32.423726,35.118993
מאור,32.425832,35.005289
חדרה,32.4340458,34.9196518
מצר,32.440186,35.047702
שדי תרומות,32.440898,35.484204
שדה אליהו,32.441882,35.513803
תל תאומים,32.442537,35.496409
שער מנשה,32.4438777,35.0109759
מייסר,32.445246,35.042131
תלמי אלעזר,32.447228,34.974991
רוויה,32.448638,35.473118
רחוב,32.451099,35.489598
מירב,32.452041,35.422479
גן שמואל,32.452911,34.949311
כפר רופין,32.457549,35.555673
מענית,32.457992,35.026573
מצפה אילן,32.461378,35.068861
חריש,32.4618771,35.0455828
עין שמר,32.461917,35.00673
גן השומרון,32.465007,34.999047
אום אלקוטוף,32.468084,35.059149
ריחן,32.468752,35.135271
עין הנציב,32.47071,35.501973
שלוחות,32.472608,35.480488
פרדס חנהכרכור,32.4728028,34.9742001
שקד,32.473745,35.168448
מעלה גלבוע,32.476065,35.420637
ברקאי,32.476096,35.031044
חיננית,32.480891,35.173181
רשפים,32.481235,35.47879
כפר פינס,32.482717,35.002063
עין עירון,32.484427,35.010069
קציר,32.485178,35.10873
משמרות,32.486513,34.983892
נווה איתן,32.492304,35.533119
שדות ים,32.492613,34.89315
מעוז חיים,32.49407,35.550767
ערערה,32.496323,35.097292
בית שאן,32.497103,35.497336
מסילות,32.497362,35.474651
אלעריאן,32.498076,35.125094
ניר דוד תל עמל,32.504062,35.457622
מי עמי,32.504963,35.146425
כפר קרע,32.505518,35.054251
כפר גליקסון,32.505824,35.00354
אור עקיבא,32.509965,34.920394
אלוני יצחק,32.509997,35.0052
מוקייבלה,32.514142,35.294806
בית אלפא,32.516357,35.430499
בנימינהגבעת עדה,32.517078,34.955096
אום אלפחם,32.517127,35.148529
חפציבה,32.518729,35.426247
קיסריה,32.519016,34.904544
חמדיה,32.519773,35.520568
מגן שאול,32.521471,35.306431
צנדלה,32.522449,35.32442
רגבים,32.52344,35.033987
שדה נחום,32.525068,35.480855
גן נר,32.528706,35.336254
רםאון,32.528742,35.258657
בסמה,32.529401,35.103199
בית חנניה,32.529504,34.926734
אביאל,32.531346,34.993493
גסר אזרקא,32.536262,34.911569
פרזון,32.545456,35.311114
אדירים,32.548941,35.271637
גבעת נילי,32.549043,35.041194
גדעונה,32.549927,35.359202
בית השיטה,32.550874,35.439351
דבורה,32.552895,35.263853
מעלה עירון,32.554128,35.182499
גבעת עוז,32.555934,35.198004
תל יוסף,32.556704,35.398914
עין חרוד איחוד,32.556806,35.392995
עין חרוד מאוחד,32.556806,35.392995
אביטל,32.557676,35.306412
גלעד אבן יצחק,32.558075,35.076559
בית יוסף,32.558698,35.552773
מעגן מיכאל,32.55871,34.917816
גדיש,32.558844,35.24443
יזרעאל,32.562589,35.319425
מלאה,32.563149,35.237528
עמיקם,32.564626,35.020326
ירדנה,32.565357,35.565978
גבע,32.56653,35.37216
כפר יחזקאל,32.566949,35.360888
מעין צבי,32.568484,34.940623
ניר יפה,32.568982,35.244896
זכרון יעקב,32.573905,34.951977
מגידו,32.577899,35.179972
מולדת,32.586196,35.438941
נווה אור,32.589025,35.554544
דליה,32.58925,35.076965
רמת צבי,32.591962,35.414497
מדרך עוז,32.594648,35.157976
עין השופט,32.596811,35.100445
רמות מנשה,32.597042,35.057177
פוריידיס,32.597351,34.951899
בת שלמה,32.600335,35.003837
מרחביה מושב,32.6047,35.3081
טייבה בעמק,32.604701,35.444573
מרחביה קיבוץ,32.60585,35.30725
דור,32.607802,34.923316
רמת השופט,32.609356,35.094079
משמר העמק,32.610063,35.142673
עפולה,32.610493,35.287922
היוגב,32.612753,35.207483
נחשולים,32.61309,34.92225
נאעורה,32.61468,35.391133
עופר,32.621882,34.983472
דחי,32.622491,35.343604
עין העמק,32.629664,35.082246
עין איילה,32.629963,34.944296
בלפוריה,32.629988,35.296281
ניין,32.630986,35.349399
אליקים,32.633345,35.067613
טמרה יזרעאל,32.634918,35.402699
הבונים,32.636586,34.932704
גזית,32.639307,35.446239
אחוזת ברק,32.643101,35.338893
כרם מהרל,32.644325,34.99145
הזורע,32.644516,35.11918
כפר גדעון,32.644579,35.289278
כפר ברוך,32.646048,35.193078
דברת,32.646729,35.350085
כפר מצר,32.647371,35.421551
צרופה,32.647822,34.946455
מזרע,32.649879,35.286404
עין דור,32.655468,35.416388
יקנעם מושבה,32.655859,35.115152
תל עדשים,32.657358,35.302478
אשדות יעקב איחוד,32.65877,35.579637
יקנעם עילית,32.660225,35.104606
גבע כרמל,32.662163,34.954078
שריד,32.663059,35.224755
גיניגר,32.663419,35.259861
מנחמיה,32.664333,35.555338
אשדות יעקב מאוחד,32.664808,35.582769
כפר קיש,32.666087,35.44895
יפעת,32.675853,35.223982
גבת,32.67656,35.213151
מגדל העמק,32.6778114,35.2417497
עין כרמל,32.677912,34.953676
רמת דוד,32.678991,35.204036
נווה ים,32.679769,34.93188
כפר יהושע,32.681639,35.151976
אכסאל,32.682085,35.320743
מסדה,32.682305,35.597657
שער הגולן,32.686919,35.604656
כפר תבור,32.687346,35.419972
בית זרע,32.689296,35.574062
נהלל,32.690807,35.19609
עתלית,32.690875,34.942914
עין חוד,32.691361,34.999058
דאלית אלכרמל,32.693796,35.055447
שבלי אום אלגנם,32.694081,35.396231
דבוריה,32.69412,35.368513
יפיע,32.695002,35.28201
שדמות דבורה,32.696245,35.43641
שדה יעקב,32.69756,35.141315
בית שערים,32.697679,35.179905
דגניה ב,32.69907,35.577551
ניר עציון,32.699125,34.992526
נצרת,32.699635,35.303546
עין הוד,32.700292,34.982716
כפר החורש,32.701549,35.272956
בית זיד,32.702414,35.131109
תמרת,32.703801,35.225489
רמת ישי,32.704029,35.166003
מנשית זבדה,32.706219,35.192415
מעגן,32.706344,35.600575
תל קציר,32.706396,35.61786
אלומות,32.706628,35.546088
דגניה א,32.706938,35.575062
יבנאל,32.708765,35.503778
נוף הגליל,32.711539,35.324812
כנרת קבוצה,32.714209,35.562746
קרית טבעון,32.716221,35.127483
עילוט,32.717249,35.261482
בית קשת,32.718446,35.394952
פוריה כפר עבודה,32.719846,35.545563
ריינה,32.719924,35.317654
עספיא,32.720737,35.059087
כפר כמא,32.721105,35.442834
גבעת אלה,32.722007,35.244822
שער העמקים,32.722621,35.110601
זרזיר,32.723291,35.220436
כנרת מושבה,32.723787,35.565242
עין מאהל,32.724295,35.353369
האון,32.726748,35.622665
מגדים,32.727734,34.960923
אלוני אבא,32.730945,35.172028
בית אורן,32.731601,35.00632
שמשית,32.732527,35.246518
פוריה עילית,32.732736,35.546162
בית לחם הגלילית,32.734558,35.191271
בסמת טבעון,32.736287,35.1532
מבוא חמה,32.736701,35.655207
משהד,32.738912,35.322494
יגור,32.741532,35.076826
כרמל,32.7427316,35.0483915
פוריה נווה עובד,32.743763,35.53811
הזורעים,32.74814,35.499922
כפר כנא,32.7481978,35.3438402
רכסים,32.749265,35.099581
כעביהטבאשחגאגרה,32.750389,35.184
שדה אילן,32.75051,35.422429
כפר חסידים ב,32.750515,35.088281
הסוללים,32.751802,35.238022
כפר חסידים א,32.752262,35.094212
החותרים,32.752311,34.957545
אילניה,32.753908,35.408188
אלון הגליל,32.756874,35.220294
הושעיה,32.757927,35.295225
חואלד,32.758894,35.158374
אבטין,32.759963,35.114601
טירת כרמל,32.762127,34.97298
כפר חרוב,32.762357,35.66418
נופית,32.763374,35.148316
הרדוף,32.763717,35.174663
נשר,32.7649,35.049191
כפר גלים,32.76615,34.959511
סואעד חמרייה,32.766925,35.168158
מיצר,32.768641,35.736356
ראס עלי,32.772911,35.155512
טורעאן,32.775137,35.378344
גבעת אבני,32.775382,35.436154
ביר אלמכסור,32.777291,35.220571
רומת הייב,32.777591,35.305683
אפיק,32.779428,35.702994
בית רימון,32.781845,35.327738
עדי,32.782353,35.173412
חנתון,32.783051,35.245063
עין גב,32.783393,35.640119
נאות גולן,32.787026,35.693172
לביא,32.787648,35.440717
רומאנה,32.788118,35.311211
מצפה,32.789973,35.507851
עוזייר,32.790614,35.326882
כפר המכבי,32.791804,35.114793
רמת יוחנן,32.793457,35.122208
חיפה,32.7940463,34.989571
טבריה,32.795859,35.530973
אושה,32.796458,35.114584
כפר חיטים,32.799998,35.50328
גבעת יואב,32.801217,35.680911
מצפה נטופה,32.801748,35.383501
שפרעם,32.805765,35.169971
אליעד,32.806583,35.736575
בועיינהנוגידאת,32.807711,35.36527
קרית אתא,32.809144,35.119773
כפר זיתים,32.811614,35.465165
כפר מנדא,32.81236,35.258613
דמיידה,32.8149647,35.2265642
גשור,32.819941,35.715708
כפר ביאליק,32.821376,35.087749
אעבלין,32.821799,35.19012
ארבל,32.8241667,35.4986111
אבני איתן,32.824808,35.765777
מורשת,32.826132,35.231997
חמאם,32.828399,35.491721
כאוכב אבו אלהיגא,32.831888,35.248701
קרית ביאליק,32.832154,35.088407
נוב,32.832852,35.783574
אבטליון,32.835781,35.350442
יודפת,32.836596,35.271481
עיילבון,32.837949,35.399996
מצפה אביב,32.837951,35.201059
קרית מוצקין,32.838202,35.079523
אפק,32.838316,35.12778
רמת מגשימים,32.844066,35.80658
קורנית,32.844412,35.251883
חספין,32.8456305,35.7929907
הררית,32.845696,35.369257
גינוסר,32.848666,35.523152
שכניה,32.849186,35.246701
קרית ים,32.849276,35.068929
רמות,32.850365,35.665245
טמרה,32.852247,35.201315
מנוף,32.853258,35.237355
עראבה,32.853705,35.337167
נטור,32.854068,35.752574
דייר חנא,32.862316,35.365253
לבנים,32.86379,35.497479
סחנין,32.864167,35.294547
עצמון שגב,32.865802,35.252335
כאבול,32.8699737,35.2054376
כנף,32.870412,35.697897
כלנית,32.875328,35.453972
יובלים,32.878163,35.269294
חוקוק,32.878631,35.496654
לוטם,32.880858,35.35996
יעד,32.881225,35.24064
אשחר,32.885084,35.299622
ערב אל נעים,32.888073,35.290128
מעלה גמלא,32.888256,35.685966
צביה,32.8894,35.3314
שעב,32.88967,35.238764
כחל,32.890465,35.511572
מגאר,32.890704,35.40461
כפר מסריק,32.891218,35.098414
שורשים,32.892651,35.25856
קדרים,32.898886,35.471565
חוסנייה,32.900573,35.322507
יסעור,32.901145,35.166641
צורית,32.902351,35.249106
עין המפרץ,32.902581,35.09304
גילון,32.904338,35.232191
אמנון,32.904989,35.571136
מכמנים,32.905865,35.328991
חזון,32.90658,35.395291
אחיהוד,32.907405,35.171715
כמון,32.909119,35.360916
כמאנה,32.909311,35.336928
כורזים,32.911112,35.55015
אלמגור,32.912709,35.60231
כרמיאל,32.914671,35.292417
ראס אלעין,32.915734,35.372703
כפר חנניה,32.915993,35.423785
מגד אלכרום,32.920132,35.25665
מורן,32.921637,35.39481
טלאל,32.927306,35.182499
חדנס,32.927514,35.641408
כרכום,32.928271,35.606331
תובל,32.928495,35.245675
גדיידהמכר,32.928656,35.150573
בענה,32.929538,35.271917
עמיעד,32.930354,35.540521
עכו,32.933052,35.082678
פרוד,32.933066,35.434318
שזור,32.933936,35.354523
דייר אלאסד,32.93445,35.268394
נחף,32.934675,35.31652
ראמה,32.937112,35.366984
אמירים,32.937351,35.450365
יונתן,32.93966,35.795468
עין אלאסד,32.940754,35.401027
לבון,32.94118,35.286475
סאגור,32.943109,35.343616
שפר,32.944553,35.437848
גולס,32.94498,35.184243
כישור,32.946651,35.250213
אליפלט,32.947834,35.548516
בוסתן הגליל,32.948636,35.080688
חלוץ,32.95055,35.312278
שמרת,32.95148,35.094955
כפר יאסיף,32.9520318,35.1599957
ירכא,32.953492,35.21199
כפר שמאי,32.955698,35.457916
אניעם,32.956638,35.739718
חרשים,32.957737,35.328217
אבו סנאן,32.95803,35.171969
לפידות,32.959801,35.260956
לוחמי הגיטאות,32.962661,35.096741
צפת,32.964648,35.495997
נס עמים,32.965465,35.121588
בית גן,32.965655,35.381268
טובאזנגריה,32.96621,35.592018
גיתה,32.967233,35.249125
ראש פינה,32.970422,35.542659
בית העמק,32.971014,35.145305
אשרת,32.971645,35.1557
כסראסמיע,32.97232,35.298528
כפר הנשיא,32.97466,35.602308
פקיעין בוקייעה,32.976209,35.335794
רגבה,32.977493,35.099129
עמקה,32.977664,35.161807
ביריה,32.978108,35.503096
חצור הגלילית,32.980382,35.543548
יאנוחגת,32.981568,35.241169
שבי ציון,32.982079,35.083005
פקיעין חדשה,32.982195,35.323408
כליל,32.983567,35.199672
מזרעה,32.983652,35.098934
מירון,32.985226,35.441643
מחניים,32.988845,35.570375
קצרין,32.990998,35.689865
עברון,32.991149,35.100031
נתיב השיירה,32.991185,35.130745
שייח דנון,32.9938295,35.1485684
כפר ורדים,32.995088,35.269101
יחיעם,32.996109,35.221091
עמוקה,32.997669,35.524801
חוסן,32.997699,35.298723
בר יוחאי,32.997704,35.44819
משמר הירדן,33.003484,35.598271
אור הגנוז,33.005183,35.446736
בן עמי,33.005369,35.122218
כדיתה,33.005954,35.468309
געתון,33.006075,35.213831
צוריאל,33.006488,35.31479
נהריה,33.0085361,35.0980514
עין יעקב,33.009312,35.229024
כפר חושן,33.013123,35.440171
מעלותתרשיחא,33.015026,35.276017
דלתון,33.016553,35.489911
חורפיש,33.016688,35.347106
מעונה,33.016894,35.263626
גדות,33.018208,35.619547
כברי,33.020985,35.147007
איילת השחר,33.021115,35.576732
גש גוש חלב,33.021266,35.447949
צבעון,33.026363,35.416723
מעיליא,33.027194,35.256304
נווה זיו,33.027399,35.18433
סאסא,33.02866,35.394569
סער,33.028689,35.109232
קדמת צבי,33.029485,35.697744
אלקוש,33.034294,35.326348
אבירים,33.038086,35.286044
מנות,33.038709,35.195156
כרם בן זמרה,33.039224,35.469889
גשר הזיו,33.040532,35.110563
מתת,33.041684,35.356695
אלוני הבשן,33.044087,35.838507
שדה אליעזר,33.04647,35.56525
פסוטה,33.04782,35.308827
עבדון,33.048792,35.179128
ריחאניה,33.049922,35.487062
דובב,33.0508,35.407747
עלמה,33.05186,35.499636
חולתה,33.052851,35.609244
יסוד המעלה,33.05358,35.589013
גורן,33.055566,35.233619
לימן,33.058732,35.111815
ברעם,33.058979,35.433235
גורנות הגליל,33.059286,35.24967
מצובה,33.062312,35.155705
אילון,33.062526,35.219162
נטועה,33.065387,35.323406
יערה,33.068013,35.18608
בצת,33.070047,35.132636
שלומי,33.072609,35.145945
אבן מנחם,33.075143,35.295219
יראון,33.077239,35.454291
אדמית,33.078842,35.20951
דישון,33.082318,35.517572
שומרה,33.08247,35.281962
שתולה,33.085919,35.315627
כפר ראש הנקרה,33.08609,35.113455
אורטל,33.086236,35.758661
חניתה,33.087634,35.17343
עראמשה,33.088834,35.228839
אביבים,33.089381,35.470338
עין זיוון,33.09645,35.796313
מלכיה,33.098589,35.509624
כפר רוזנואלד זרעית,33.098985,35.288522
רמות נפתלי,33.102354,35.553313
שעל,33.11653,35.718816
גונן,33.1240353,35.6461519
יפתח,33.128346,35.55203
קלע,33.131601,35.69039
מרום גולן,33.132583,35.777071
להבות הבשן,33.1412178,35.6478714
נאות מרדכי,33.159785,35.595602
שמיר,33.166754,35.659949
כפר בלום,33.172527,35.607938
עמיר,33.1777261,35.6198305
אלרום,33.180519,35.770095
שדה נחמיה,33.188234,35.62307
אודם,33.1933716,35.7495651
מנרה,33.195375,35.543728
כפר סאלד,33.196035,35.657993
בוקעאתא,33.2026572,35.7767723
קרית שמונה,33.207933,35.570246
בית הלל,33.208782,35.606515
מרגליות,33.216474,35.544354
הגושרים,33.221485,35.623028
שאר ישוב,33.2263492,35.6468357
דפנה,33.23075,35.638268
עין קנייא,33.2366802,35.7313062
מעין ברוך,33.239349,35.609359
שניר,33.240338,35.677015
כפר גלעדי,33.242078,35.574142
משגב עם,33.247572,35.548499
נווה אטיב,33.26202,35.740574
מגדל שמס,33.2690961,35.772122
עגר,33.272607,35.623637
מטולה,33.277232,35.578235
אומן,48.7493927,30.2214499
